"","interaction_name","pathway_name","ligand","receptor","agonist","antagonist","co_A_receptor","co_I_receptor","evidence","annotation","interaction_name_2"
"ACER1_S1PR1","ACER1_S1PR1","S1P","ACER1","S1PR1","","","","","","Small Molecule-Mediated","ACER1 - S1PR1"
"ACER1_S1PR2","ACER1_S1PR2","S1P","ACER1","S1PR2","","","","","","Small Molecule-Mediated","ACER1 - S1PR2"
"ACER1_S1PR3","ACER1_S1PR3","S1P","ACER1","S1PR3","","","","","","Small Molecule-Mediated","ACER1 - S1PR3"
"ACER1_S1PR4","ACER1_S1PR4","S1P","ACER1","S1PR4","","","","","","Small Molecule-Mediated","ACER1 - S1PR4"
"ACER1_S1PR5","ACER1_S1PR5","S1P","ACER1","S1PR5","","","","","","Small Molecule-Mediated","ACER1 - S1PR5"
"ACER2_S1PR1","ACER2_S1PR1","S1P","ACER2","S1PR1","","","","","","Small Molecule-Mediated","ACER2 - S1PR1"
"ACER2_S1PR2","ACER2_S1PR2","S1P","ACER2","S1PR2","","","","","","Small Molecule-Mediated","ACER2 - S1PR2"
"ACER2_S1PR3","ACER2_S1PR3","S1P","ACER2","S1PR3","","","","","","Small Molecule-Mediated","ACER2 - S1PR3"
"ACER2_S1PR4","ACER2_S1PR4","S1P","ACER2","S1PR4","","","","","","Small Molecule-Mediated","ACER2 - S1PR4"
"ACER2_S1PR5","ACER2_S1PR5","S1P","ACER2","S1PR5","","","","","","Small Molecule-Mediated","ACER2 - S1PR5"
"ACER3_S1PR1","ACER3_S1PR1","S1P","ACER3","S1PR1","","","","","","Small Molecule-Mediated","ACER3 - S1PR1"
"ACER3_S1PR2","ACER3_S1PR2","S1P","ACER3","S1PR2","","","","","","Small Molecule-Mediated","ACER3 - S1PR2"
"ACER3_S1PR3","ACER3_S1PR3","S1P","ACER3","S1PR3","","","","","","Small Molecule-Mediated","ACER3 - S1PR3"
"ACER3_S1PR4","ACER3_S1PR4","S1P","ACER3","S1PR4","","","","","","Small Molecule-Mediated","ACER3 - S1PR4"
"ACER3_S1PR5","ACER3_S1PR5","S1P","ACER3","S1PR5","","","","","","Small Molecule-Mediated","ACER3 - S1PR5"
"ALOX5_CYSLTR1","ALOX5_CYSLTR1","EICOSANOID","ALOX5","CYSLTR1","","","","","","Small Molecule-Mediated","ALOX5 - CYSLTR1"
"ALOX5_CYSLTR2","ALOX5_CYSLTR2","EICOSANOID","ALOX5","CYSLTR2","","","","","","Small Molecule-Mediated","ALOX5 - CYSLTR2"
"ALOX5_FPR2","ALOX5_FPR2","EICOSANOID","ALOX5","FPR2","","","","","","Small Molecule-Mediated","ALOX5 - FPR2"
"ALOX5AP_CYSLTR1","ALOX5AP_CYSLTR1","EICOSANOID","ALOX5AP","CYSLTR1","","","","","","Small Molecule-Mediated","ALOX5AP - CYSLTR1"
"ALOX5AP_CYSLTR2","ALOX5AP_CYSLTR2","EICOSANOID","ALOX5AP","CYSLTR2","","","","","","Small Molecule-Mediated","ALOX5AP - CYSLTR2"
"ALOX5AP_FPR2","ALOX5AP_FPR2","EICOSANOID","ALOX5AP","FPR2","","","","","","Small Molecule-Mediated","ALOX5AP - FPR2"
"ASAH1_S1PR1","ASAH1_S1PR1","S1P","ASAH1","S1PR1","","","","","","Small Molecule-Mediated","ASAH1 - S1PR1"
"ASAH1_S1PR2","ASAH1_S1PR2","S1P","ASAH1","S1PR2","","","","","","Small Molecule-Mediated","ASAH1 - S1PR2"
"ASAH1_S1PR3","ASAH1_S1PR3","S1P","ASAH1","S1PR3","","","","","","Small Molecule-Mediated","ASAH1 - S1PR3"
"ASAH1_S1PR4","ASAH1_S1PR4","S1P","ASAH1","S1PR4","","","","","","Small Molecule-Mediated","ASAH1 - S1PR4"
"ASAH1_S1PR5","ASAH1_S1PR5","S1P","ASAH1","S1PR5","","","","","","Small Molecule-Mediated","ASAH1 - S1PR5"
"ASAH2_S1PR1","ASAH2_S1PR1","S1P","ASAH2","S1PR1","","","","","","Small Molecule-Mediated","ASAH2 - S1PR1"
"ASAH2_S1PR2","ASAH2_S1PR2","S1P","ASAH2","S1PR2","","","","","","Small Molecule-Mediated","ASAH2 - S1PR2"
"ASAH2_S1PR3","ASAH2_S1PR3","S1P","ASAH2","S1PR3","","","","","","Small Molecule-Mediated","ASAH2 - S1PR3"
"ASAH2_S1PR4","ASAH2_S1PR4","S1P","ASAH2","S1PR4","","","","","","Small Molecule-Mediated","ASAH2 - S1PR4"
"ASAH2_S1PR5","ASAH2_S1PR5","S1P","ASAH2","S1PR5","","","","","","Small Molecule-Mediated","ASAH2 - S1PR5"
"ASAH2B_S1PR1","ASAH2B_S1PR1","S1P","ASAH2B","S1PR1","","","","","","Small Molecule-Mediated","ASAH2B - S1PR1"
"ASAH2B_S1PR2","ASAH2B_S1PR2","S1P","ASAH2B","S1PR2","","","","","","Small Molecule-Mediated","ASAH2B - S1PR2"
"ASAH2B_S1PR3","ASAH2B_S1PR3","S1P","ASAH2B","S1PR3","","","","","","Small Molecule-Mediated","ASAH2B - S1PR3"
"ASAH2B_S1PR4","ASAH2B_S1PR4","S1P","ASAH2B","S1PR4","","","","","","Small Molecule-Mediated","ASAH2B - S1PR4"
"ASAH2B_S1PR5","ASAH2B_S1PR5","S1P","ASAH2B","S1PR5","","","","","","Small Molecule-Mediated","ASAH2B - S1PR5"
"BDH1_HCAR2","BDH1_HCAR2","HCA","BDH1","HCAR2","","","","","","Small Molecule-Mediated","BDH1 - HCAR2"
"CYP19A1_GPER1","CYP19A1_GPER1","E2","CYP19A1","GPER1","","","","","","Small Molecule-Mediated","CYP19A1 - GPER1"
"CYP2S1_LTB4R2","CYP2S1_LTB4R2","EICOSANOID","CYP2S1","LTB4R2","","","","","","Small Molecule-Mediated","CYP2S1 - LTB4R2"
"DDC_DRD1","DDC_DRD1","DA","DDC","DRD1","","","","","","Small Molecule-Mediated","DDC - DRD1"
"DDC_DRD2","DDC_DRD2","DA","DDC","DRD2","","","","","","Small Molecule-Mediated","DDC - DRD2"
"DDC_DRD3","DDC_DRD3","DA","DDC","DRD3","","","","","","Small Molecule-Mediated","DDC - DRD3"
"DDC_DRD4","DDC_DRD4","DA","DDC","DRD4","","","","","","Small Molecule-Mediated","DDC - DRD4"
"DDC_DRD5","DDC_DRD5","DA","DDC","DRD5","","","","","","Small Molecule-Mediated","DDC - DRD5"
"DDC_HTR1A","DDC_HTR1A","DA","DDC","HTR1A","","","","","","Small Molecule-Mediated","DDC - HTR1A"
"DDC_HTR1B","DDC_HTR1B","DA","DDC","HTR1B","","","","","","Small Molecule-Mediated","DDC - HTR1B"
"DDC_HTR1D","DDC_HTR1D","DA","DDC","HTR1D","","","","","","Small Molecule-Mediated","DDC - HTR1D"
"DDC_HTR1E","DDC_HTR1E","DA","DDC","HTR1E","","","","","","Small Molecule-Mediated","DDC - HTR1E"
"DDC_HTR1F","DDC_HTR1F","DA","DDC","HTR1F","","","","","","Small Molecule-Mediated","DDC - HTR1F"
"DDC_HTR2A","DDC_HTR2A","DA","DDC","HTR2A","","","","","","Small Molecule-Mediated","DDC - HTR2A"
"DDC_HTR2B","DDC_HTR2B","DA","DDC","HTR2B","","","","","","Small Molecule-Mediated","DDC - HTR2B"
"DDC_HTR2C","DDC_HTR2C","DA","DDC","HTR2C","","","","","","Small Molecule-Mediated","DDC - HTR2C"
"DDC_HTR4","DDC_HTR4","DA","DDC","HTR4","","","","","","Small Molecule-Mediated","DDC - HTR4"
"DDC_HTR5A","DDC_HTR5A","DA","DDC","HTR5A","","","","","","Small Molecule-Mediated","DDC - HTR5A"
"DDC_HTR5BP","DDC_HTR5BP","DA","DDC","HTR5BP","","","","","","Small Molecule-Mediated","DDC - HTR5BP"
"DDC_HTR6","DDC_HTR6","DA","DDC","HTR6","","","","","","Small Molecule-Mediated","DDC - HTR6"
"DDC_HTR7","DDC_HTR7","DA","DDC","HTR7","","","","","","Small Molecule-Mediated","DDC - HTR7"
"DDC_TAAR1","DDC_TAAR1","DA","DDC","TAAR1","","","","","","Small Molecule-Mediated","DDC - TAAR1"
"ENPP2_LPAR1","ENPP2_LPAR1","LPA","ENPP2","LPAR1","","","","","","Small Molecule-Mediated","ENPP2 - LPAR1"
"ENPP2_LPAR2","ENPP2_LPAR2","LPA","ENPP2","LPAR2","","","","","","Small Molecule-Mediated","ENPP2 - LPAR2"
"ENPP2_LPAR3","ENPP2_LPAR3","LPA","ENPP2","LPAR3","","","","","","Small Molecule-Mediated","ENPP2 - LPAR3"
"ENPP2_LPAR4","ENPP2_LPAR4","LPA","ENPP2","LPAR4","","","","","","Small Molecule-Mediated","ENPP2 - LPAR4"
"ENPP2_LPAR5","ENPP2_LPAR5","LPA","ENPP2","LPAR5","","","","","","Small Molecule-Mediated","ENPP2 - LPAR5"
"ENPP2_LPAR6","ENPP2_LPAR6","LPA","ENPP2","LPAR6","","","","","","Small Molecule-Mediated","ENPP2 - LPAR6"
"ENPP2_S1PR1","ENPP2_S1PR1","LPA","ENPP2","S1PR1","","","","","","Small Molecule-Mediated","ENPP2 - S1PR1"
"ENPP2_S1PR2","ENPP2_S1PR2","LPA","ENPP2","S1PR2","","","","","","Small Molecule-Mediated","ENPP2 - S1PR2"
"ENPP2_S1PR3","ENPP2_S1PR3","LPA","ENPP2","S1PR3","","","","","","Small Molecule-Mediated","ENPP2 - S1PR3"
"ENPP2_S1PR4","ENPP2_S1PR4","LPA","ENPP2","S1PR4","","","","","","Small Molecule-Mediated","ENPP2 - S1PR4"
"ENPP2_S1PR5","ENPP2_S1PR5","LPA","ENPP2","S1PR5","","","","","","Small Molecule-Mediated","ENPP2 - S1PR5"
"FTCD_GRM1","FTCD_GRM1","Glu","FTCD","GRM1","","","","","","Small Molecule-Mediated","FTCD - GRM1"
"FTCD_GRM2","FTCD_GRM2","Glu","FTCD","GRM2","","","","","","Small Molecule-Mediated","FTCD - GRM2"
"FTCD_GRM3","FTCD_GRM3","Glu","FTCD","GRM3","","","","","","Small Molecule-Mediated","FTCD - GRM3"
"FTCD_GRM4","FTCD_GRM4","Glu","FTCD","GRM4","","","","","","Small Molecule-Mediated","FTCD - GRM4"
"FTCD_GRM5","FTCD_GRM5","Glu","FTCD","GRM5","","","","","","Small Molecule-Mediated","FTCD - GRM5"
"FTCD_GRM6","FTCD_GRM6","Glu","FTCD","GRM6","","","","","","Small Molecule-Mediated","FTCD - GRM6"
"FTCD_GRM7","FTCD_GRM7","Glu","FTCD","GRM7","","","","","","Small Molecule-Mediated","FTCD - GRM7"
"FTCD_GRM8","FTCD_GRM8","Glu","FTCD","GRM8","","","","","","Small Molecule-Mediated","FTCD - GRM8"
"GLS_GRM1","GLS_GRM1","Glu","GLS","GRM1","","","","","","Small Molecule-Mediated","GLS - GRM1"
"GLS_GRM2","GLS_GRM2","Glu","GLS","GRM2","","","","","","Small Molecule-Mediated","GLS - GRM2"
"GLS_GRM3","GLS_GRM3","Glu","GLS","GRM3","","","","","","Small Molecule-Mediated","GLS - GRM3"
"GLS_GRM4","GLS_GRM4","Glu","GLS","GRM4","","","","","","Small Molecule-Mediated","GLS - GRM4"
"GLS_GRM5","GLS_GRM5","Glu","GLS","GRM5","","","","","","Small Molecule-Mediated","GLS - GRM5"
"GLS_GRM6","GLS_GRM6","Glu","GLS","GRM6","","","","","","Small Molecule-Mediated","GLS - GRM6"
"GLS_GRM7","GLS_GRM7","Glu","GLS","GRM7","","","","","","Small Molecule-Mediated","GLS - GRM7"
"GLS_GRM8","GLS_GRM8","Glu","GLS","GRM8","","","","","","Small Molecule-Mediated","GLS - GRM8"
"GLS2_GRM1","GLS2_GRM1","Glu","GLS2","GRM1","","","","","","Small Molecule-Mediated","GLS2 - GRM1"
"GLS2_GRM2","GLS2_GRM2","Glu","GLS2","GRM2","","","","","","Small Molecule-Mediated","GLS2 - GRM2"
"GLS2_GRM3","GLS2_GRM3","Glu","GLS2","GRM3","","","","","","Small Molecule-Mediated","GLS2 - GRM3"
"GLS2_GRM4","GLS2_GRM4","Glu","GLS2","GRM4","","","","","","Small Molecule-Mediated","GLS2 - GRM4"
"GLS2_GRM5","GLS2_GRM5","Glu","GLS2","GRM5","","","","","","Small Molecule-Mediated","GLS2 - GRM5"
"GLS2_GRM6","GLS2_GRM6","Glu","GLS2","GRM6","","","","","","Small Molecule-Mediated","GLS2 - GRM6"
"GLS2_GRM7","GLS2_GRM7","Glu","GLS2","GRM7","","","","","","Small Molecule-Mediated","GLS2 - GRM7"
"GLS2_GRM8","GLS2_GRM8","Glu","GLS2","GRM8","","","","","","Small Molecule-Mediated","GLS2 - GRM8"
"GLUD1_GRM1","GLUD1_GRM1","Glu","GLUD1","GRM1","","","","","","Small Molecule-Mediated","GLUD1 - GRM1"
"GLUD1_GRM2","GLUD1_GRM2","Glu","GLUD1","GRM2","","","","","","Small Molecule-Mediated","GLUD1 - GRM2"
"GLUD1_GRM3","GLUD1_GRM3","Glu","GLUD1","GRM3","","","","","","Small Molecule-Mediated","GLUD1 - GRM3"
"GLUD1_GRM4","GLUD1_GRM4","Glu","GLUD1","GRM4","","","","","","Small Molecule-Mediated","GLUD1 - GRM4"
"GLUD1_GRM5","GLUD1_GRM5","Glu","GLUD1","GRM5","","","","","","Small Molecule-Mediated","GLUD1 - GRM5"
"GLUD1_GRM6","GLUD1_GRM6","Glu","GLUD1","GRM6","","","","","","Small Molecule-Mediated","GLUD1 - GRM6"
"GLUD1_GRM7","GLUD1_GRM7","Glu","GLUD1","GRM7","","","","","","Small Molecule-Mediated","GLUD1 - GRM7"
"GLUD1_GRM8","GLUD1_GRM8","Glu","GLUD1","GRM8","","","","","","Small Molecule-Mediated","GLUD1 - GRM8"
"GLUD1_OXGR1","GLUD1_OXGR1","Glu","GLUD1","OXGR1","","","","","","Small Molecule-Mediated","GLUD1 - OXGR1"
"GLUD2_GRM1","GLUD2_GRM1","Glu","GLUD2","GRM1","","","","","","Small Molecule-Mediated","GLUD2 - GRM1"
"GLUD2_GRM2","GLUD2_GRM2","Glu","GLUD2","GRM2","","","","","","Small Molecule-Mediated","GLUD2 - GRM2"
"GLUD2_GRM3","GLUD2_GRM3","Glu","GLUD2","GRM3","","","","","","Small Molecule-Mediated","GLUD2 - GRM3"
"GLUD2_GRM4","GLUD2_GRM4","Glu","GLUD2","GRM4","","","","","","Small Molecule-Mediated","GLUD2 - GRM4"
"GLUD2_GRM5","GLUD2_GRM5","Glu","GLUD2","GRM5","","","","","","Small Molecule-Mediated","GLUD2 - GRM5"
"GLUD2_GRM6","GLUD2_GRM6","Glu","GLUD2","GRM6","","","","","","Small Molecule-Mediated","GLUD2 - GRM6"
"GLUD2_GRM7","GLUD2_GRM7","Glu","GLUD2","GRM7","","","","","","Small Molecule-Mediated","GLUD2 - GRM7"
"GLUD2_GRM8","GLUD2_GRM8","Glu","GLUD2","GRM8","","","","","","Small Molecule-Mediated","GLUD2 - GRM8"
"GLUD2_OXGR1","GLUD2_OXGR1","Glu","GLUD2","OXGR1","","","","","","Small Molecule-Mediated","GLUD2 - OXGR1"
"HDC_HRH1","HDC_HRH1","HISTAMINE","HDC","HRH1","","","","","","Small Molecule-Mediated","HDC - HRH1"
"HDC_HRH2","HDC_HRH2","HISTAMINE","HDC","HRH2","","","","","","Small Molecule-Mediated","HDC - HRH2"
"HDC_HRH3","HDC_HRH3","HISTAMINE","HDC","HRH3","","","","","","Small Molecule-Mediated","HDC - HRH3"
"HDC_HRH4","HDC_HRH4","HISTAMINE","HDC","HRH4","","","","","","Small Molecule-Mediated","HDC - HRH4"
"HPGDS_TBXA2R","HPGDS_TBXA2R","EICOSANOID","HPGDS","TBXA2R","","","","","","Small Molecule-Mediated","HPGDS - TBXA2R"
"HSD11B1_NR3C1","HSD11B1_NR3C1","E2","HSD11B1","NR3C1","","","","","","Small Molecule-Mediated","HSD11B1 - NR3C1"
"HSD17B1_GPER1","HSD17B1_GPER1","E2","HSD17B1","GPER1","","","","","","Small Molecule-Mediated","HSD17B1 - GPER1"
"HSD17B2_ESR1","HSD17B2_ESR1","E2","HSD17B2","ESR1","","","","","","Small Molecule-Mediated","HSD17B2 - ESR1"
"HSD17B2_ESR2","HSD17B2_ESR2","E2","HSD17B2","ESR2","","","","","","Small Molecule-Mediated","HSD17B2 - ESR2"
"HSD17B2_GPER1","HSD17B2_GPER1","E2","HSD17B2","GPER1","","","","","","Small Molecule-Mediated","HSD17B2 - GPER1"
"HSD3B1_NR3C1","HSD3B1_NR3C1","P4","HSD3B1","NR3C1","","","","","","Small Molecule-Mediated","HSD3B1 - NR3C1"
"HSD3B1_PAQR3","HSD3B1_PAQR3","P4","HSD3B1","PAQR3","","","","","","Small Molecule-Mediated","HSD3B1 - PAQR3"
"HSD3B1_PAQR4","HSD3B1_PAQR4","P4","HSD3B1","PAQR4","","","","","","Small Molecule-Mediated","HSD3B1 - PAQR4"
"HSD3B1_PAQR5","HSD3B1_PAQR5","P4","HSD3B1","PAQR5","","","","","","Small Molecule-Mediated","HSD3B1 - PAQR5"
"HSD3B1_PAQR6","HSD3B1_PAQR6","P4","HSD3B1","PAQR6","","","","","","Small Molecule-Mediated","HSD3B1 - PAQR6"
"HSD3B1_PAQR7","HSD3B1_PAQR7","P4","HSD3B1","PAQR7","","","","","","Small Molecule-Mediated","HSD3B1 - PAQR7"
"HSD3B1_PAQR8","HSD3B1_PAQR8","P4","HSD3B1","PAQR8","","","","","","Small Molecule-Mediated","HSD3B1 - PAQR8"
"HSD3B1_PAQR9","HSD3B1_PAQR9","P4","HSD3B1","PAQR9","","","","","","Small Molecule-Mediated","HSD3B1 - PAQR9"
"HSD3B1_PGR","HSD3B1_PGR","P4","HSD3B1","PGR","","","","","","Small Molecule-Mediated","HSD3B1 - PGR"
"IDH1_OXGR1","IDH1_OXGR1","EICOSANOID","IDH1","OXGR1","","","","","","Small Molecule-Mediated","IDH1 - OXGR1"
"IDH2_OXGR1","IDH2_OXGR1","EICOSANOID","IDH2","OXGR1","","","","","","Small Molecule-Mediated","IDH2 - OXGR1"
"LDHA_HCAR1","LDHA_HCAR1","HCA","LDHA","HCAR1","","","","","","Small Molecule-Mediated","LDHA - HCAR1"
"LTA4H_LTB4R","LTA4H_LTB4R","EICOSANOID","LTA4H","LTB4R","","","","","","Small Molecule-Mediated","LTA4H - LTB4R"
"PNMT_ADRA1A","PNMT_ADRA1A","EPINEPHRINE","PNMT","ADRA1A","","","","","","Small Molecule-Mediated","PNMT - ADRA1A"
"PNMT_ADRA1B","PNMT_ADRA1B","EPINEPHRINE","PNMT","ADRA1B","","","","","","Small Molecule-Mediated","PNMT - ADRA1B"
"PNMT_ADRA1D","PNMT_ADRA1D","EPINEPHRINE","PNMT","ADRA1D","","","","","","Small Molecule-Mediated","PNMT - ADRA1D"
"PNMT_ADRA2A","PNMT_ADRA2A","EPINEPHRINE","PNMT","ADRA2A","","","","","","Small Molecule-Mediated","PNMT - ADRA2A"
"PNMT_ADRA2B","PNMT_ADRA2B","EPINEPHRINE","PNMT","ADRA2B","","","","","","Small Molecule-Mediated","PNMT - ADRA2B"
"PNMT_ADRA2C","PNMT_ADRA2C","EPINEPHRINE","PNMT","ADRA2C","","","","","","Small Molecule-Mediated","PNMT - ADRA2C"
"PNMT_ADRB1","PNMT_ADRB1","EPINEPHRINE","PNMT","ADRB1","","","","","","Small Molecule-Mediated","PNMT - ADRB1"
"PNMT_ADRB2","PNMT_ADRB2","EPINEPHRINE","PNMT","ADRB2","","","","","","Small Molecule-Mediated","PNMT - ADRB2"
"PNMT_ADRB3","PNMT_ADRB3","EPINEPHRINE","PNMT","ADRB3","","","","","","Small Molecule-Mediated","PNMT - ADRB3"
"PTDSS1_ADGRB1","PTDSS1_ADGRB1","EICOSANOID","PTDSS1","ADGRB1","","","","","","Small Molecule-Mediated","PTDSS1 - ADGRB1"
"PTGDS_PTGDR","PTGDS_PTGDR","EICOSANOID","PTGDS","PTGDR","","","","","","Small Molecule-Mediated","PTGDS - PTGDR"
"PTGDS_PTGDR2","PTGDS_PTGDR2","EICOSANOID","PTGDS","PTGDR2","","","","","","Small Molecule-Mediated","PTGDS - PTGDR2"
"PTGDS_PTGER1","PTGDS_PTGER1","EICOSANOID","PTGDS","PTGER1","","","","","","Small Molecule-Mediated","PTGDS - PTGER1"
"PTGDS_PTGER2","PTGDS_PTGER2","EICOSANOID","PTGDS","PTGER2","","","","","","Small Molecule-Mediated","PTGDS - PTGER2"
"PTGDS_PTGER3","PTGDS_PTGER3","EICOSANOID","PTGDS","PTGER3","","","","","","Small Molecule-Mediated","PTGDS - PTGER3"
"PTGDS_PTGER4","PTGDS_PTGER4","EICOSANOID","PTGDS","PTGER4","","","","","","Small Molecule-Mediated","PTGDS - PTGER4"
"PTGDS_PTGFR","PTGDS_PTGFR","EICOSANOID","PTGDS","PTGFR","","","","","","Small Molecule-Mediated","PTGDS - PTGFR"
"PTGDS_PTGIR","PTGDS_PTGIR","EICOSANOID","PTGDS","PTGIR","","","","","","Small Molecule-Mediated","PTGDS - PTGIR"
"PTGES_PTGDR","PTGES_PTGDR","EICOSANOID","PTGES","PTGDR","","","","","","Small Molecule-Mediated","PTGES - PTGDR"
"PTGES_PTGDR2","PTGES_PTGDR2","EICOSANOID","PTGES","PTGDR2","","","","","","Small Molecule-Mediated","PTGES - PTGDR2"
"PTGES_PTGER1","PTGES_PTGER1","EICOSANOID","PTGES","PTGER1","","","","","","Small Molecule-Mediated","PTGES - PTGER1"
"PTGES_PTGER2","PTGES_PTGER2","EICOSANOID","PTGES","PTGER2","","","","","","Small Molecule-Mediated","PTGES - PTGER2"
"PTGES_PTGER3","PTGES_PTGER3","EICOSANOID","PTGES","PTGER3","","","","","","Small Molecule-Mediated","PTGES - PTGER3"
"PTGES_PTGER4","PTGES_PTGER4","EICOSANOID","PTGES","PTGER4","","","","","","Small Molecule-Mediated","PTGES - PTGER4"
"PTGES_PTGFR","PTGES_PTGFR","EICOSANOID","PTGES","PTGFR","","","","","","Small Molecule-Mediated","PTGES - PTGFR"
"PTGES_PTGIR","PTGES_PTGIR","EICOSANOID","PTGES","PTGIR","","","","","","Small Molecule-Mediated","PTGES - PTGIR"
"PTGES_TBXA2R","PTGES_TBXA2R","EICOSANOID","PTGES","TBXA2R","","","","","","Small Molecule-Mediated","PTGES - TBXA2R"
"PTGES2_PTGDR","PTGES2_PTGDR","EICOSANOID","PTGES2","PTGDR","","","","","","Small Molecule-Mediated","PTGES2 - PTGDR"
"PTGES2_PTGDR2","PTGES2_PTGDR2","EICOSANOID","PTGES2","PTGDR2","","","","","","Small Molecule-Mediated","PTGES2 - PTGDR2"
"PTGES2_PTGER1","PTGES2_PTGER1","EICOSANOID","PTGES2","PTGER1","","","","","","Small Molecule-Mediated","PTGES2 - PTGER1"
"PTGES2_PTGER2","PTGES2_PTGER2","EICOSANOID","PTGES2","PTGER2","","","","","","Small Molecule-Mediated","PTGES2 - PTGER2"
"PTGES2_PTGER3","PTGES2_PTGER3","EICOSANOID","PTGES2","PTGER3","","","","","","Small Molecule-Mediated","PTGES2 - PTGER3"
"PTGES2_PTGER4","PTGES2_PTGER4","EICOSANOID","PTGES2","PTGER4","","","","","","Small Molecule-Mediated","PTGES2 - PTGER4"
"PTGES2_PTGFR","PTGES2_PTGFR","EICOSANOID","PTGES2","PTGFR","","","","","","Small Molecule-Mediated","PTGES2 - PTGFR"
"PTGES2_PTGIR","PTGES2_PTGIR","EICOSANOID","PTGES2","PTGIR","","","","","","Small Molecule-Mediated","PTGES2 - PTGIR"
"PTGES3_PTGDR","PTGES3_PTGDR","EICOSANOID","PTGES3","PTGDR","","","","","","Small Molecule-Mediated","PTGES3 - PTGDR"
"PTGES3_PTGDR2","PTGES3_PTGDR2","EICOSANOID","PTGES3","PTGDR2","","","","","","Small Molecule-Mediated","PTGES3 - PTGDR2"
"PTGES3_PTGER1","PTGES3_PTGER1","EICOSANOID","PTGES3","PTGER1","","","","","","Small Molecule-Mediated","PTGES3 - PTGER1"
"PTGES3_PTGER2","PTGES3_PTGER2","EICOSANOID","PTGES3","PTGER2","","","","","","Small Molecule-Mediated","PTGES3 - PTGER2"
"PTGES3_PTGER3","PTGES3_PTGER3","EICOSANOID","PTGES3","PTGER3","","","","","","Small Molecule-Mediated","PTGES3 - PTGER3"
"PTGES3_PTGER4","PTGES3_PTGER4","EICOSANOID","PTGES3","PTGER4","","","","","","Small Molecule-Mediated","PTGES3 - PTGER4"
"PTGES3_PTGFR","PTGES3_PTGFR","EICOSANOID","PTGES3","PTGFR","","","","","","Small Molecule-Mediated","PTGES3 - PTGFR"
"PTGES3_PTGIR","PTGES3_PTGIR","EICOSANOID","PTGES3","PTGIR","","","","","","Small Molecule-Mediated","PTGES3 - PTGIR"
"PTGIS_PTGDR","PTGIS_PTGDR","EICOSANOID","PTGIS","PTGDR","","","","","","Small Molecule-Mediated","PTGIS - PTGDR"
"PTGIS_PTGDR2","PTGIS_PTGDR2","EICOSANOID","PTGIS","PTGDR2","","","","","","Small Molecule-Mediated","PTGIS - PTGDR2"
"PTGIS_PTGER1","PTGIS_PTGER1","EICOSANOID","PTGIS","PTGER1","","","","","","Small Molecule-Mediated","PTGIS - PTGER1"
"PTGIS_PTGER2","PTGIS_PTGER2","EICOSANOID","PTGIS","PTGER2","","","","","","Small Molecule-Mediated","PTGIS - PTGER2"
"PTGIS_PTGER3","PTGIS_PTGER3","EICOSANOID","PTGIS","PTGER3","","","","","","Small Molecule-Mediated","PTGIS - PTGER3"
"PTGIS_PTGER4","PTGIS_PTGER4","EICOSANOID","PTGIS","PTGER4","","","","","","Small Molecule-Mediated","PTGIS - PTGER4"
"PTGIS_PTGFR","PTGIS_PTGFR","EICOSANOID","PTGIS","PTGFR","","","","","","Small Molecule-Mediated","PTGIS - PTGFR"
"PTGIS_PTGIR","PTGIS_PTGIR","EICOSANOID","PTGIS","PTGIR","","","","","","Small Molecule-Mediated","PTGIS - PTGIR"
"PTGIS_TBXA2R","PTGIS_TBXA2R","EICOSANOID","PTGIS","TBXA2R","","","","","","Small Molecule-Mediated","PTGIS - TBXA2R"
"PTGS1_TBXA2R","PTGS1_TBXA2R","EICOSANOID","PTGS1","TBXA2R","","","","","","Small Molecule-Mediated","PTGS1 - TBXA2R"
"PTGS2_FPR2","PTGS2_FPR2","EICOSANOID","PTGS2","FPR2","","","","","","Small Molecule-Mediated","PTGS2 - FPR2"
"PTGS2_PTGDR","PTGS2_PTGDR","EICOSANOID","PTGS2","PTGDR","","","","","","Small Molecule-Mediated","PTGS2 - PTGDR"
"PTGS2_PTGER2","PTGS2_PTGER2","EICOSANOID","PTGS2","PTGER2","","","","","","Small Molecule-Mediated","PTGS2 - PTGER2"
"PTGS2_PTGER3","PTGS2_PTGER3","EICOSANOID","PTGS2","PTGER3","","","","","","Small Molecule-Mediated","PTGS2 - PTGER3"
"PTGS2_PTGER4","PTGS2_PTGER4","EICOSANOID","PTGS2","PTGER4","","","","","","Small Molecule-Mediated","PTGS2 - PTGER4"
"PTGS2_PTGIR","PTGS2_PTGIR","EICOSANOID","PTGS2","PTGIR","","","","","","Small Molecule-Mediated","PTGS2 - PTGIR"
"PTGS2_TBXA2R","PTGS2_TBXA2R","EICOSANOID","PTGS2","TBXA2R","","","","","","Small Molecule-Mediated","PTGS2 - TBXA2R"
"SDHA_SUCNR1","SDHA_SUCNR1","SUCN","SDHA","SUCNR1","","","","","PMID: 1514213","Small Molecule-Mediated","SDHA - SUCNR1"
"SDHB_SUCNR1","SDHB_SUCNR1","SUCN","SDHB","SUCNR1","","","","","PMID: 1514213","Small Molecule-Mediated","SDHB - SUCNR1"
"SDHC_SUCNR1","SDHC_SUCNR1","SUCN","SDHC","SUCNR1","","","","","PMID: 1514213","Small Molecule-Mediated","SDHC - SUCNR1"
"SDHD_SUCNR1","SDHD_SUCNR1","SUCN","SDHD","SUCNR1","","","","","PMID: 1514213","Small Molecule-Mediated","SDHD - SUCNR1"
"TBXAS1_PTGDR","TBXAS1_PTGDR","EICOSANOID","TBXAS1","PTGDR","","","","","","Small Molecule-Mediated","TBXAS1 - PTGDR"
"TBXAS1_PTGDR2","TBXAS1_PTGDR2","EICOSANOID","TBXAS1","PTGDR2","","","","","","Small Molecule-Mediated","TBXAS1 - PTGDR2"
"TBXAS1_PTGER1","TBXAS1_PTGER1","EICOSANOID","TBXAS1","PTGER1","","","","","","Small Molecule-Mediated","TBXAS1 - PTGER1"
"TBXAS1_TBXA2R","TBXAS1_TBXA2R","EICOSANOID","TBXAS1","TBXA2R","","","","","","Small Molecule-Mediated","TBXAS1 - TBXA2R"
"TPH1_MTNR1A","TPH1_MTNR1A","INDOLAMINE","TPH1","MTNR1A","","","","","","Small Molecule-Mediated","TPH1 - MTNR1A"
"TPH1_MTNR1B","TPH1_MTNR1B","INDOLAMINE","TPH1","MTNR1B","","","","","","Small Molecule-Mediated","TPH1 - MTNR1B"
"AGRP_MC2R","AGRP_MC2R","MELANOCORTIN","AGRP","MC2R","","","","","","Secreted Signaling","AGRP - MC2R"
"ASIP_MC1R","ASIP_MC1R","MELANOCORTIN","ASIP","MC1R","","","","","","Secreted Signaling","ASIP - MC1R"
"ASIP_MC2R","ASIP_MC2R","MELANOCORTIN","ASIP","MC2R","","","","","","Secreted Signaling","ASIP - MC2R"
"ASIP_MC3R","ASIP_MC3R","MELANOCORTIN","ASIP","MC3R","","","","","","Secreted Signaling","ASIP - MC3R"
"ASIP_MC4R","ASIP_MC4R","MELANOCORTIN","ASIP","MC4R","","","","","","Secreted Signaling","ASIP - MC4R"
"ASIP_MC5R","ASIP_MC5R","MELANOCORTIN","ASIP","MC5R","","","","","","Secreted Signaling","ASIP - MC5R"
"C3_C3AR1","C3_C3AR1","COMPLEMENT","C3","C3AR1","","","","","","Secreted Signaling","C3 - C3AR1"
"C3_C5AR1","C3_C5AR1","COMPLEMENT","C3","C5AR1","","","","","","Secreted Signaling","C3 - C5AR1"
"C5_C3AR1","C5_C3AR1","COMPLEMENT","C5","C3AR1","","","","","","Secreted Signaling","C5 - C3AR1"
"C5_C5AR1","C5_C5AR1","COMPLEMENT","C5","C5AR1","","","","","","Secreted Signaling","C5 - C5AR1"
"C5_C5AR2","C5_C5AR2","COMPLEMENT","C5","C5AR2","","","","","","Secreted Signaling","C5 - C5AR2"
"CSH2_GHR","CSH2_GHR","hPL","CSH2","GHR","","","","","","Secreted Signaling","CSH2 - GHR"
"CSH2_PRLR","CSH2_PRLR","hPL","CSH2","PRLR","","","","","","Secreted Signaling","CSH2 - PRLR"
"CTSG_FPR1","CTSG_FPR1","CATHEPSIN","CTSG","FPR1","","","","","PMID: 15210802","Secreted Signaling","CTSG - FPR1"
"DEFB4A_CCR6","DEFB4A_CCR6","DEFENSIN","DEFB4A","CCR6","","","","","PMID: 20068036","Secreted Signaling","DEFB4A - CCR6"
"GH2_PRLR","GH2_PRLR","GH","GH2","PRLR","","","","","","Secreted Signaling","GH2 - PRLR"
"GIP_ADGRB2","GIP_ADGRB2","GIP","GIP","ADGRB2","","","","","PMID: 21787750","Secreted Signaling","GIP - ADGRB2"
"MMP13_F2R","MMP13_F2R","PARs","MMP13","F2R","","","","","PMID: 22610965","Secreted Signaling","MMP13 - F2R"
"SST_GPR107","SST_GPR107","SST","SST","GPR107","","","","","PMID: 22933024","Secreted Signaling","SST - GPR107"
